{
"ts": 1776509492.5547464,
"mem_total_kb": 4147008,
"mem_available_kb": 2612816,
"load_avg": [
"0.01",
"0.08",
"0.08"
],
"serial": {
"serial_connected": true,
"serial_port": "/dev/serial0",
"last_line_time": 1776509492.5220292,
"log_entries": 500
}
}